# RdRp domain coordinates (SUPERFAMILY SSF56672, 'DNA/RNA polymerases') from the team's InterProScan run, Fall 2024.
# Recovered from the headers of data/SSF56672_sequences.fasta. 1-based, inclusive.
seq_id	signature	start	end
CAA25029.1	SSF56672	1178	1670
BAA03151.1	SSF56672	2260	2777
AAP97137.1	SSF56672	1221	1664
NP_041277.1	SSF56672	1750	2208
CAA25416.1	SSF56672	1869	2331
NP_056777.1	SSF56672	1838	2291
BAA00168.1	SSF56672	1701	2156
ABS84820.1	SSF56672	2447	2956
YP_001285409.1	SSF56672	2470	2969
NP_853560.2	SSF56672	2380	2889
YP_145791.1	SSF56672	2380	2889
AAQ64627.1	SSF56672	2452	2931
BAD06930.1	SSF56672	2380	2889
NP_733845.1	SSF56672	1491	1997
NP_277061.1	SSF56672	2451	2929
NP_620564.1	SSF56672	1139	1626
AAF80998.1	SSF56672	1241	1765
AAN63804.2	SSF56672	1391	1899
AAF00472.1	SSF56672	1267	1778
BAA32553.1	SSF56672	1271	1770
NP_049374.1	SSF56672	2339	2847
BAA21898.1	SSF56672	1297	1795
AAC58807.1	SSF56672	1230	1748
NP_046155.1	SSF56672	1449	1965
ADP24157.1	SSF56672	2455	2949
YP_009337666.1	SSF56672	2332	2896
YP_009337152.1	SSF56672	2311	2848
YP_009336629.1	SSF56672	2300	2816
ASK12212.1	SSF56672	1647	2131
APG77945.1	SSF56672	1800	2297
ASK12194.1	SSF56672	1780	2279
ASK12217.1	SSF56672	1635	2119
APG77984.1	SSF56672	1681	2186
ABB17263.2	SSF56672	1599	2081
YP_004063985.1	SSF56672	1669	2145
lcl|MG833031.1_prot_AWC26954.1_1	SSF56672	2530	3088
lcl|LC310707.1_prot_BBC14926.1_1	SSF56672	2237	2725
lcl|KU645789.1_prot_AOT85373.1_1	SSF56672	2535	3035
